,first_artist_id,second_artist_id
0,6qJ61DomA73g7jQEKESw9Z,7fMJN4fdEwmFWd8uz5pnKx
1,6C0KWmCdqrLU2LzzWBPbOy,6qJ61DomA73g7jQEKESw9Z
2,6C0KWmCdqrLU2LzzWBPbOy,7fMJN4fdEwmFWd8uz5pnKx
3,6C0KWmCdqrLU2LzzWBPbOy,6L7a6wPGpvLtTwOsMLnF1z
4,6C0KWmCdqrLU2LzzWBPbOy,7IFPeV5Ew63S7Hid0AjNgK
5,6C0KWmCdqrLU2LzzWBPbOy,6Xhhpra0X0hpvC3yZaQ0Du
6,0wr85NuJuAYZsRzP1lJgiV,6qJ61DomA73g7jQEKESw9Z
7,0wr85NuJuAYZsRzP1lJgiV,7fMJN4fdEwmFWd8uz5pnKx
8,0wr85NuJuAYZsRzP1lJgiV,1Uk4IDpF1OIuTzANugS5JC
9,0wr85NuJuAYZsRzP1lJgiV,52I8HbScEEvgwiiSDaM7gP
10,0wr85NuJuAYZsRzP1lJgiV,4LBa6kTLaQHiONCfTfTaXV
11,0wr85NuJuAYZsRzP1lJgiV,18pYFSeMi7sOL6nGMICHtS
12,0wr85NuJuAYZsRzP1lJgiV,5cPNMq5lKAoAKyv5kdpz9s
13,0wr85NuJuAYZsRzP1lJgiV,27Z5l2Kfy1IaYZMg5INWqO
14,0wr85NuJuAYZsRzP1lJgiV,6Xhhpra0X0hpvC3yZaQ0Du
15,0wr85NuJuAYZsRzP1lJgiV,1Wt63OMKtv6v2ivHuQLm2C
16,0wr85NuJuAYZsRzP1lJgiV,7IFPeV5Ew63S7Hid0AjNgK
17,0wr85NuJuAYZsRzP1lJgiV,6GebWeCCtey5pbQepRYD6c
18,0wr85NuJuAYZsRzP1lJgiV,4ksdbwHbqSmv7sWP3W6L21
19,0wr85NuJuAYZsRzP1lJgiV,1Od0hPnXSqA9pipLqNXJ7e
20,0wr85NuJuAYZsRzP1lJgiV,1QsT3VKbdtjMxXoy9myb2X
21,0wr85NuJuAYZsRzP1lJgiV,1Ok5WQlGEnuFOiUlpCKcVT
22,7IFPeV5Ew63S7Hid0AjNgK,7MXzeG7zoG8pKpqKCOqcZL
23,7IFPeV5Ew63S7Hid0AjNgK,7fMJN4fdEwmFWd8uz5pnKx
24,7IFPeV5Ew63S7Hid0AjNgK,7tEAlsvmuaVnKQyswnonem
25,7MXzeG7zoG8pKpqKCOqcZL,7ikySCCJo3shAEZsoKEtVK
26,7MXzeG7zoG8pKpqKCOqcZL,7tEAlsvmuaVnKQyswnonem
27,6KlY7jizsLWQcXR1F2Sn9j,7tEAlsvmuaVnKQyswnonem
28,6KlY7jizsLWQcXR1F2Sn9j,7GVB7uYTgkeYtLJxYMYYDp
29,6KlY7jizsLWQcXR1F2Sn9j,6dzkjHwlCSs5uy93DoiZ1s
30,6KlY7jizsLWQcXR1F2Sn9j,79QnAdpXGrzcsIOFtW3gR4
31,7fMJN4fdEwmFWd8uz5pnKx,7ikySCCJo3shAEZsoKEtVK
32,1mRzzUiBiRmklHKtzlXvRz,5ADZt1NEbf0ImRvacK9kDl
33,1mRzzUiBiRmklHKtzlXvRz,3gNQSpKr5xvrDfqknSkaWc
34,1mRzzUiBiRmklHKtzlXvRz,5AtGLnu8GxRajsCHRxGdOh
35,1mRzzUiBiRmklHKtzlXvRz,4WBnZbV6k0m7JUs7TPjY2N
36,1mRzzUiBiRmklHKtzlXvRz,6e68sik2CrpAAsu6e2IKTS
37,1mRzzUiBiRmklHKtzlXvRz,7lZh2XFOqO7ePMGacEIp13
38,1mRzzUiBiRmklHKtzlXvRz,5KENAwkg6GClWnY28tokF8
39,1mRzzUiBiRmklHKtzlXvRz,2UBCeOEjEhqNkm6IFzVV4D
40,1mRzzUiBiRmklHKtzlXvRz,6Czf2AVSww2aOhW4M6QNHT
41,5AtGLnu8GxRajsCHRxGdOh,6e68sik2CrpAAsu6e2IKTS
42,5AtGLnu8GxRajsCHRxGdOh,6Czf2AVSww2aOhW4M6QNHT
43,5AtGLnu8GxRajsCHRxGdOh,7tEAlsvmuaVnKQyswnonem
44,5AtGLnu8GxRajsCHRxGdOh,5KENAwkg6GClWnY28tokF8
45,5ADZt1NEbf0ImRvacK9kDl,5AtGLnu8GxRajsCHRxGdOh
46,5ADZt1NEbf0ImRvacK9kDl,6e68sik2CrpAAsu6e2IKTS
47,5ADZt1NEbf0ImRvacK9kDl,7nB6UUQKYuec06ewKuLcPH
48,5ADZt1NEbf0ImRvacK9kDl,5KENAwkg6GClWnY28tokF8
49,6GebWeCCtey5pbQepRYD6c,7ikySCCJo3shAEZsoKEtVK
50,6GebWeCCtey5pbQepRYD6c,7MXzeG7zoG8pKpqKCOqcZL
51,6GebWeCCtey5pbQepRYD6c,7tEAlsvmuaVnKQyswnonem
52,6GebWeCCtey5pbQepRYD6c,7GVB7uYTgkeYtLJxYMYYDp
53,1Uk4IDpF1OIuTzANugS5JC,52I8HbScEEvgwiiSDaM7gP
54,1Uk4IDpF1OIuTzANugS5JC,7MXzeG7zoG8pKpqKCOqcZL
55,1Uk4IDpF1OIuTzANugS5JC,4LBa6kTLaQHiONCfTfTaXV
56,1Uk4IDpF1OIuTzANugS5JC,6GebWeCCtey5pbQepRYD6c
57,1Uk4IDpF1OIuTzANugS5JC,5cPNMq5lKAoAKyv5kdpz9s
58,1Uk4IDpF1OIuTzANugS5JC,7fMJN4fdEwmFWd8uz5pnKx
59,1Uk4IDpF1OIuTzANugS5JC,4ksdbwHbqSmv7sWP3W6L21
60,1Uk4IDpF1OIuTzANugS5JC,7ikySCCJo3shAEZsoKEtVK
61,1Uk4IDpF1OIuTzANugS5JC,3GAHYVHU0HppTq2qgzejcv
62,1Uk4IDpF1OIuTzANugS5JC,6Xhhpra0X0hpvC3yZaQ0Du
63,1Uk4IDpF1OIuTzANugS5JC,4MciZ3SoIaHGhBecweONHp
64,30qDNUnj7UYaiI59KnYbh0,3gNQSpKr5xvrDfqknSkaWc
65,30qDNUnj7UYaiI59KnYbh0,5ADZt1NEbf0ImRvacK9kDl
66,30qDNUnj7UYaiI59KnYbh0,6ilunSmiKHt6sXusLweMWI
67,30qDNUnj7UYaiI59KnYbh0,7lZh2XFOqO7ePMGacEIp13
68,30qDNUnj7UYaiI59KnYbh0,5KENAwkg6GClWnY28tokF8
69,6L7a6wPGpvLtTwOsMLnF1z,7IFPeV5Ew63S7Hid0AjNgK
70,6L7a6wPGpvLtTwOsMLnF1z,7E6DrjKJieOdJKO8mbwCMO
71,6L7a6wPGpvLtTwOsMLnF1z,6Xhhpra0X0hpvC3yZaQ0Du
72,6L7a6wPGpvLtTwOsMLnF1z,7fMJN4fdEwmFWd8uz5pnKx
73,6L7a6wPGpvLtTwOsMLnF1z,6qJ61DomA73g7jQEKESw9Z
74,0MwTAzU4fDGGfrUAHzYwRJ,5AVdeI8lS5HS9VGV8AUyS4
75,0MwTAzU4fDGGfrUAHzYwRJ,4MciZ3SoIaHGhBecweONHp
76,0MwTAzU4fDGGfrUAHzYwRJ,450u38hSRh0Q2UyghEbjpS
77,0MwTAzU4fDGGfrUAHzYwRJ,4WBnZbV6k0m7JUs7TPjY2N
78,0MwTAzU4fDGGfrUAHzYwRJ,5ezp2WTBB8rewVCdTKGO1F
79,0MwTAzU4fDGGfrUAHzYwRJ,6Czf2AVSww2aOhW4M6QNHT
80,0MwTAzU4fDGGfrUAHzYwRJ,7tEAlsvmuaVnKQyswnonem
81,0MwTAzU4fDGGfrUAHzYwRJ,60kSCaBM5uMKg7ZnrBH5br
82,0MwTAzU4fDGGfrUAHzYwRJ,4N5dAfqsjUgmluwrFoeuOb
83,0MwTAzU4fDGGfrUAHzYwRJ,5WVDwdJ6jhLHQ2PuRQz7Yc
84,0MwTAzU4fDGGfrUAHzYwRJ,4ksdbwHbqSmv7sWP3W6L21
85,0MwTAzU4fDGGfrUAHzYwRJ,7MXzeG7zoG8pKpqKCOqcZL
86,0MwTAzU4fDGGfrUAHzYwRJ,7GVB7uYTgkeYtLJxYMYYDp
87,0MwTAzU4fDGGfrUAHzYwRJ,303olBIixVXirStn7yhOZX
88,0MwTAzU4fDGGfrUAHzYwRJ,4by5ENA6ZMNCQkOX3RIh0G
89,4ksdbwHbqSmv7sWP3W6L21,7MXzeG7zoG8pKpqKCOqcZL
90,4ksdbwHbqSmv7sWP3W6L21,60kSCaBM5uMKg7ZnrBH5br
91,4ksdbwHbqSmv7sWP3W6L21,7GVB7uYTgkeYtLJxYMYYDp
92,4ksdbwHbqSmv7sWP3W6L21,52I8HbScEEvgwiiSDaM7gP
93,4ksdbwHbqSmv7sWP3W6L21,6GebWeCCtey5pbQepRYD6c
94,4ksdbwHbqSmv7sWP3W6L21,5AVdeI8lS5HS9VGV8AUyS4
95,4ksdbwHbqSmv7sWP3W6L21,7tEAlsvmuaVnKQyswnonem
96,4ksdbwHbqSmv7sWP3W6L21,7ikySCCJo3shAEZsoKEtVK
97,4ksdbwHbqSmv7sWP3W6L21,6KlY7jizsLWQcXR1F2Sn9j
98,4ksdbwHbqSmv7sWP3W6L21,7LsIj2cflfPqS8px4dduGG
99,2FmgW6Jee0JQKtb6EnBWCq,5hnFqGY2kc233cXstqrGev
100,2FmgW6Jee0JQKtb6EnBWCq,4LBa6kTLaQHiONCfTfTaXV
101,2FmgW6Jee0JQKtb6EnBWCq,52I8HbScEEvgwiiSDaM7gP
102,2FmgW6Jee0JQKtb6EnBWCq,4ksdbwHbqSmv7sWP3W6L21
103,2FmgW6Jee0JQKtb6EnBWCq,7fMJN4fdEwmFWd8uz5pnKx
104,2FmgW6Jee0JQKtb6EnBWCq,7MXzeG7zoG8pKpqKCOqcZL
105,2FmgW6Jee0JQKtb6EnBWCq,3GAHYVHU0HppTq2qgzejcv
106,2FmgW6Jee0JQKtb6EnBWCq,6GebWeCCtey5pbQepRYD6c
107,2FmgW6Jee0JQKtb6EnBWCq,6Xhhpra0X0hpvC3yZaQ0Du
108,6J6UF3GqOLdt6f4gfazSzf,6KlY7jizsLWQcXR1F2Sn9j
109,6J6UF3GqOLdt6f4gfazSzf,7MXzeG7zoG8pKpqKCOqcZL
110,6J6UF3GqOLdt6f4gfazSzf,7tEAlsvmuaVnKQyswnonem
111,6J6UF3GqOLdt6f4gfazSzf,7IFPeV5Ew63S7Hid0AjNgK
112,1Od0hPnXSqA9pipLqNXJ7e,4ksdbwHbqSmv7sWP3W6L21
113,1Od0hPnXSqA9pipLqNXJ7e,7MXzeG7zoG8pKpqKCOqcZL
114,1Od0hPnXSqA9pipLqNXJ7e,4MciZ3SoIaHGhBecweONHp
115,1Od0hPnXSqA9pipLqNXJ7e,52I8HbScEEvgwiiSDaM7gP
116,1Od0hPnXSqA9pipLqNXJ7e,7GVB7uYTgkeYtLJxYMYYDp
117,1Od0hPnXSqA9pipLqNXJ7e,60kSCaBM5uMKg7ZnrBH5br
118,1Od0hPnXSqA9pipLqNXJ7e,6Xhhpra0X0hpvC3yZaQ0Du
119,1Od0hPnXSqA9pipLqNXJ7e,6GebWeCCtey5pbQepRYD6c
120,1Od0hPnXSqA9pipLqNXJ7e,4j1Br3T2yrQIWd7LUip8t4
121,1Od0hPnXSqA9pipLqNXJ7e,6KlY7jizsLWQcXR1F2Sn9j
122,1Od0hPnXSqA9pipLqNXJ7e,1rpLzYzfrueWdkpcIunZQl
123,1Od0hPnXSqA9pipLqNXJ7e,4by5ENA6ZMNCQkOX3RIh0G
124,1Od0hPnXSqA9pipLqNXJ7e,3GAHYVHU0HppTq2qgzejcv
125,1Od0hPnXSqA9pipLqNXJ7e,7tEAlsvmuaVnKQyswnonem
126,1va2Hj3SvWvu3L6jAN6k01,4N5dAfqsjUgmluwrFoeuOb
127,1va2Hj3SvWvu3L6jAN6k01,2Bg6vhG3aY7ixxqEGZeos6
128,1va2Hj3SvWvu3L6jAN6k01,5WVDwdJ6jhLHQ2PuRQz7Yc
129,1va2Hj3SvWvu3L6jAN6k01,7GVB7uYTgkeYtLJxYMYYDp
130,1va2Hj3SvWvu3L6jAN6k01,4MciZ3SoIaHGhBecweONHp
131,1va2Hj3SvWvu3L6jAN6k01,7ikySCCJo3shAEZsoKEtVK
132,1va2Hj3SvWvu3L6jAN6k01,79QnAdpXGrzcsIOFtW3gR4
133,5gfLje7A2I9mMRVfuiphnh,6dzkjHwlCSs5uy93DoiZ1s
134,5gfLje7A2I9mMRVfuiphnh,6ilunSmiKHt6sXusLweMWI
135,2iRqqPkOyIvvb7qFZN1Onz,3GAHYVHU0HppTq2qgzejcv
136,2iRqqPkOyIvvb7qFZN1Onz,4LBa6kTLaQHiONCfTfTaXV
137,2iRqqPkOyIvvb7qFZN1Onz,6Xhhpra0X0hpvC3yZaQ0Du
138,2iRqqPkOyIvvb7qFZN1Onz,5hnFqGY2kc233cXstqrGev
139,2iRqqPkOyIvvb7qFZN1Onz,4Kr8tEhZ6ecAQnqxd7WkTb
140,2iRqqPkOyIvvb7qFZN1Onz,5cPNMq5lKAoAKyv5kdpz9s
141,2iRqqPkOyIvvb7qFZN1Onz,7fMJN4fdEwmFWd8uz5pnKx
142,2iRqqPkOyIvvb7qFZN1Onz,4ksdbwHbqSmv7sWP3W6L21
143,27Z5l2Kfy1IaYZMg5INWqO,4LBa6kTLaQHiONCfTfTaXV
144,27Z5l2Kfy1IaYZMg5INWqO,7fMJN4fdEwmFWd8uz5pnKx
145,27Z5l2Kfy1IaYZMg5INWqO,6qJ61DomA73g7jQEKESw9Z
146,27Z5l2Kfy1IaYZMg5INWqO,5cPNMq5lKAoAKyv5kdpz9s
147,27Z5l2Kfy1IaYZMg5INWqO,3GAHYVHU0HppTq2qgzejcv
148,27Z5l2Kfy1IaYZMg5INWqO,6Xhhpra0X0hpvC3yZaQ0Du
149,27Z5l2Kfy1IaYZMg5INWqO,4Kr8tEhZ6ecAQnqxd7WkTb
150,27Z5l2Kfy1IaYZMg5INWqO,52I8HbScEEvgwiiSDaM7gP
151,0emNN1sdeedFWTl0dY9FHw,1xMkzNWui7gg9TrYMto6VN
152,0emNN1sdeedFWTl0dY9FHw,7lZh2XFOqO7ePMGacEIp13
153,0emNN1sdeedFWTl0dY9FHw,4Xrfj658V9oL5xwi7oM70C
154,0emNN1sdeedFWTl0dY9FHw,5KENAwkg6GClWnY28tokF8
155,0emNN1sdeedFWTl0dY9FHw,688kfDW4561PQyZkJCoGmi
156,0emNN1sdeedFWTl0dY9FHw,0nvvhGGaXFDeqaYRd3BdHR
157,0emNN1sdeedFWTl0dY9FHw,6ilunSmiKHt6sXusLweMWI
158,7lZh2XFOqO7ePMGacEIp13,7nB6UUQKYuec06ewKuLcPH
159,08M432cp5R6XCNXKMkidXB,0emNN1sdeedFWTl0dY9FHw
160,08M432cp5R6XCNXKMkidXB,7lZh2XFOqO7ePMGacEIp13
161,4Mtu6SsfyJ5yxKeyzpeWSw,4WBnZbV6k0m7JUs7TPjY2N
162,4Mtu6SsfyJ5yxKeyzpeWSw,4N5dAfqsjUgmluwrFoeuOb
163,4Mtu6SsfyJ5yxKeyzpeWSw,5QG0fGAvCl1iKbBonxZNSB
164,4Mtu6SsfyJ5yxKeyzpeWSw,7lZh2XFOqO7ePMGacEIp13
165,4Mtu6SsfyJ5yxKeyzpeWSw,6e68sik2CrpAAsu6e2IKTS
166,1xMkzNWui7gg9TrYMto6VN,4Xrfj658V9oL5xwi7oM70C
167,1xMkzNWui7gg9TrYMto6VN,7lZh2XFOqO7ePMGacEIp13
168,1xMkzNWui7gg9TrYMto6VN,688kfDW4561PQyZkJCoGmi
169,1xMkzNWui7gg9TrYMto6VN,4IQIMZPSBfizEPPGdCmsXV
170,1xMkzNWui7gg9TrYMto6VN,5f9KP2lluFnPK2IbvM3mx3
171,1xMkzNWui7gg9TrYMto6VN,6ilunSmiKHt6sXusLweMWI
172,4IQIMZPSBfizEPPGdCmsXV,5gfLje7A2I9mMRVfuiphnh
173,4IQIMZPSBfizEPPGdCmsXV,688kfDW4561PQyZkJCoGmi
174,4IQIMZPSBfizEPPGdCmsXV,6ilunSmiKHt6sXusLweMWI
175,4IQIMZPSBfizEPPGdCmsXV,4Xrfj658V9oL5xwi7oM70C
176,4IQIMZPSBfizEPPGdCmsXV,5f9KP2lluFnPK2IbvM3mx3
177,4IQIMZPSBfizEPPGdCmsXV,6dzkjHwlCSs5uy93DoiZ1s
178,4IQIMZPSBfizEPPGdCmsXV,79QnAdpXGrzcsIOFtW3gR4
179,4IQIMZPSBfizEPPGdCmsXV,7lZh2XFOqO7ePMGacEIp13
180,5f9KP2lluFnPK2IbvM3mx3,688kfDW4561PQyZkJCoGmi
181,5f9KP2lluFnPK2IbvM3mx3,6ilunSmiKHt6sXusLweMWI
182,5f9KP2lluFnPK2IbvM3mx3,5gfLje7A2I9mMRVfuiphnh
183,2FpmZwomIGHEVAICcfIg5T,3vH8Rv37KXuUZzSHICjTnm
184,2FpmZwomIGHEVAICcfIg5T,3OhUveXjN6gDbNt7ygN8z6
185,2FpmZwomIGHEVAICcfIg5T,4by5ENA6ZMNCQkOX3RIh0G
186,2FpmZwomIGHEVAICcfIg5T,6e68sik2CrpAAsu6e2IKTS
187,2FpmZwomIGHEVAICcfIg5T,5zXPv1332E2IWXvjotBr09
188,2FpmZwomIGHEVAICcfIg5T,3I15MHvYprvenj5oR3WHWM
189,2FpmZwomIGHEVAICcfIg5T,5ADZt1NEbf0ImRvacK9kDl
190,2FpmZwomIGHEVAICcfIg5T,5KENAwkg6GClWnY28tokF8
191,2FpmZwomIGHEVAICcfIg5T,5AtGLnu8GxRajsCHRxGdOh
192,1Wt63OMKtv6v2ivHuQLm2C,1rpLzYzfrueWdkpcIunZQl
193,1Wt63OMKtv6v2ivHuQLm2C,4LBa6kTLaQHiONCfTfTaXV
194,1Wt63OMKtv6v2ivHuQLm2C,52I8HbScEEvgwiiSDaM7gP
195,1Wt63OMKtv6v2ivHuQLm2C,7IFPeV5Ew63S7Hid0AjNgK
196,1Wt63OMKtv6v2ivHuQLm2C,27Z5l2Kfy1IaYZMg5INWqO
197,1Wt63OMKtv6v2ivHuQLm2C,5cPNMq5lKAoAKyv5kdpz9s
198,1Wt63OMKtv6v2ivHuQLm2C,7fMJN4fdEwmFWd8uz5pnKx
199,1Wt63OMKtv6v2ivHuQLm2C,6qJ61DomA73g7jQEKESw9Z
200,1Wt63OMKtv6v2ivHuQLm2C,6Xhhpra0X0hpvC3yZaQ0Du
201,1Wt63OMKtv6v2ivHuQLm2C,4ksdbwHbqSmv7sWP3W6L21
202,1Wt63OMKtv6v2ivHuQLm2C,6L7a6wPGpvLtTwOsMLnF1z
203,6UOk7DmvqlzWmo6gjhZvn6,7IFPeV5Ew63S7Hid0AjNgK
204,6UOk7DmvqlzWmo6gjhZvn6,7IeovKzVkfcG9mIJGNzTcT
205,6UOk7DmvqlzWmo6gjhZvn6,6qJ61DomA73g7jQEKESw9Z
206,6UOk7DmvqlzWmo6gjhZvn6,7fMJN4fdEwmFWd8uz5pnKx
207,1naX4fxuRaDFlj9tGfIUZk,5akubyqg9eYtnCtDEeJz2s
208,1naX4fxuRaDFlj9tGfIUZk,7MXzeG7zoG8pKpqKCOqcZL
209,1naX4fxuRaDFlj9tGfIUZk,5hnFqGY2kc233cXstqrGev
210,1naX4fxuRaDFlj9tGfIUZk,4N5dAfqsjUgmluwrFoeuOb
211,1naX4fxuRaDFlj9tGfIUZk,52I8HbScEEvgwiiSDaM7gP
212,1naX4fxuRaDFlj9tGfIUZk,4MciZ3SoIaHGhBecweONHp
213,1naX4fxuRaDFlj9tGfIUZk,4ksdbwHbqSmv7sWP3W6L21
214,1naX4fxuRaDFlj9tGfIUZk,7GVB7uYTgkeYtLJxYMYYDp
215,1naX4fxuRaDFlj9tGfIUZk,6KlY7jizsLWQcXR1F2Sn9j
216,1naX4fxuRaDFlj9tGfIUZk,4by5ENA6ZMNCQkOX3RIh0G
217,5akubyqg9eYtnCtDEeJz2s,5hnFqGY2kc233cXstqrGev
218,5akubyqg9eYtnCtDEeJz2s,5zXPv1332E2IWXvjotBr09
219,5akubyqg9eYtnCtDEeJz2s,5ezp2WTBB8rewVCdTKGO1F
220,5akubyqg9eYtnCtDEeJz2s,7ikySCCJo3shAEZsoKEtVK
221,1rpLzYzfrueWdkpcIunZQl,4ksdbwHbqSmv7sWP3W6L21
222,1rpLzYzfrueWdkpcIunZQl,3GAHYVHU0HppTq2qgzejcv
223,1rpLzYzfrueWdkpcIunZQl,7MXzeG7zoG8pKpqKCOqcZL
224,1rpLzYzfrueWdkpcIunZQl,52I8HbScEEvgwiiSDaM7gP
225,1rpLzYzfrueWdkpcIunZQl,7IFPeV5Ew63S7Hid0AjNgK
226,1rpLzYzfrueWdkpcIunZQl,6Xhhpra0X0hpvC3yZaQ0Du
227,1rpLzYzfrueWdkpcIunZQl,4by5ENA6ZMNCQkOX3RIh0G
228,1rpLzYzfrueWdkpcIunZQl,6KlY7jizsLWQcXR1F2Sn9j
229,1rpLzYzfrueWdkpcIunZQl,77faXTf6wXs3L2CVol0c8C
230,1rpLzYzfrueWdkpcIunZQl,7E6DrjKJieOdJKO8mbwCMO
231,1rpLzYzfrueWdkpcIunZQl,60kSCaBM5uMKg7ZnrBH5br
232,1rpLzYzfrueWdkpcIunZQl,4FApejrnKXgmvrVmBMRO2l
233,1rpLzYzfrueWdkpcIunZQl,5cPNMq5lKAoAKyv5kdpz9s
234,5AVdeI8lS5HS9VGV8AUyS4,6Czf2AVSww2aOhW4M6QNHT
235,5AVdeI8lS5HS9VGV8AUyS4,7tEAlsvmuaVnKQyswnonem
236,5AVdeI8lS5HS9VGV8AUyS4,5WVDwdJ6jhLHQ2PuRQz7Yc
237,5AVdeI8lS5HS9VGV8AUyS4,5ezp2WTBB8rewVCdTKGO1F
238,5AVdeI8lS5HS9VGV8AUyS4,7wbCwmaAe2U6NoBrWBfeTz
239,4by5ENA6ZMNCQkOX3RIh0G,5ezp2WTBB8rewVCdTKGO1F
240,4by5ENA6ZMNCQkOX3RIh0G,60kSCaBM5uMKg7ZnrBH5br
241,4by5ENA6ZMNCQkOX3RIh0G,5AVdeI8lS5HS9VGV8AUyS4
242,4by5ENA6ZMNCQkOX3RIh0G,7GVB7uYTgkeYtLJxYMYYDp
243,4by5ENA6ZMNCQkOX3RIh0G,7tEAlsvmuaVnKQyswnonem
244,4by5ENA6ZMNCQkOX3RIh0G,6dzkjHwlCSs5uy93DoiZ1s
245,4by5ENA6ZMNCQkOX3RIh0G,5WVDwdJ6jhLHQ2PuRQz7Yc
246,4N5dAfqsjUgmluwrFoeuOb,5WVDwdJ6jhLHQ2PuRQz7Yc
247,2Bg6vhG3aY7ixxqEGZeos6,4N5dAfqsjUgmluwrFoeuOb
248,2Bg6vhG3aY7ixxqEGZeos6,5WVDwdJ6jhLHQ2PuRQz7Yc
249,2Bg6vhG3aY7ixxqEGZeos6,4WBnZbV6k0m7JUs7TPjY2N
250,0BtiMLqwAvO3yHcPh5BWCS,5AVdeI8lS5HS9VGV8AUyS4
251,0BtiMLqwAvO3yHcPh5BWCS,450u38hSRh0Q2UyghEbjpS
252,0BtiMLqwAvO3yHcPh5BWCS,7tEAlsvmuaVnKQyswnonem
253,0BtiMLqwAvO3yHcPh5BWCS,0MwTAzU4fDGGfrUAHzYwRJ
254,0BtiMLqwAvO3yHcPh5BWCS,3OhUveXjN6gDbNt7ygN8z6
255,0BtiMLqwAvO3yHcPh5BWCS,4MciZ3SoIaHGhBecweONHp
256,0BtiMLqwAvO3yHcPh5BWCS,4WBnZbV6k0m7JUs7TPjY2N
257,0BtiMLqwAvO3yHcPh5BWCS,79QnAdpXGrzcsIOFtW3gR4
258,0BtiMLqwAvO3yHcPh5BWCS,4N5dAfqsjUgmluwrFoeuOb
259,0BtiMLqwAvO3yHcPh5BWCS,7GVB7uYTgkeYtLJxYMYYDp
260,0BtiMLqwAvO3yHcPh5BWCS,5WVDwdJ6jhLHQ2PuRQz7Yc
261,0BtiMLqwAvO3yHcPh5BWCS,4by5ENA6ZMNCQkOX3RIh0G
262,0BtiMLqwAvO3yHcPh5BWCS,7FTQICqfx93tZdwZJb3wt2
263,0BtiMLqwAvO3yHcPh5BWCS,6KlY7jizsLWQcXR1F2Sn9j
264,18pYFSeMi7sOL6nGMICHtS,4LBa6kTLaQHiONCfTfTaXV
265,18pYFSeMi7sOL6nGMICHtS,1Uk4IDpF1OIuTzANugS5JC
266,18pYFSeMi7sOL6nGMICHtS,1QsT3VKbdtjMxXoy9myb2X
267,18pYFSeMi7sOL6nGMICHtS,3GAHYVHU0HppTq2qgzejcv
268,18pYFSeMi7sOL6nGMICHtS,5cPNMq5lKAoAKyv5kdpz9s
269,18pYFSeMi7sOL6nGMICHtS,52I8HbScEEvgwiiSDaM7gP
270,18pYFSeMi7sOL6nGMICHtS,6Xhhpra0X0hpvC3yZaQ0Du
271,18pYFSeMi7sOL6nGMICHtS,4Kr8tEhZ6ecAQnqxd7WkTb
272,18pYFSeMi7sOL6nGMICHtS,7fMJN4fdEwmFWd8uz5pnKx
273,18pYFSeMi7sOL6nGMICHtS,1Od0hPnXSqA9pipLqNXJ7e
274,18pYFSeMi7sOL6nGMICHtS,6qJ61DomA73g7jQEKESw9Z
275,18pYFSeMi7sOL6nGMICHtS,4ksdbwHbqSmv7sWP3W6L21
276,18pYFSeMi7sOL6nGMICHtS,27Z5l2Kfy1IaYZMg5INWqO
277,18pYFSeMi7sOL6nGMICHtS,6GebWeCCtey5pbQepRYD6c
278,1BpCQRsYuiRg1TXKR2SQe1,7MXzeG7zoG8pKpqKCOqcZL
279,1BpCQRsYuiRg1TXKR2SQe1,6GebWeCCtey5pbQepRYD6c
280,1BpCQRsYuiRg1TXKR2SQe1,7tEAlsvmuaVnKQyswnonem
281,1BpCQRsYuiRg1TXKR2SQe1,52I8HbScEEvgwiiSDaM7gP
282,1BpCQRsYuiRg1TXKR2SQe1,5AVdeI8lS5HS9VGV8AUyS4
283,1BpCQRsYuiRg1TXKR2SQe1,303olBIixVXirStn7yhOZX
284,1BpCQRsYuiRg1TXKR2SQe1,4ksdbwHbqSmv7sWP3W6L21
285,1BpCQRsYuiRg1TXKR2SQe1,7ikySCCJo3shAEZsoKEtVK
286,1BpCQRsYuiRg1TXKR2SQe1,5ezp2WTBB8rewVCdTKGO1F
287,1BpCQRsYuiRg1TXKR2SQe1,6bPXSfsHFvyltUwfqUrrLy
288,1BpCQRsYuiRg1TXKR2SQe1,450u38hSRh0Q2UyghEbjpS
289,1BpCQRsYuiRg1TXKR2SQe1,3OhUveXjN6gDbNt7ygN8z6
290,1BpCQRsYuiRg1TXKR2SQe1,6Czf2AVSww2aOhW4M6QNHT
291,1BpCQRsYuiRg1TXKR2SQe1,7FTQICqfx93tZdwZJb3wt2
292,1BpCQRsYuiRg1TXKR2SQe1,4by5ENA6ZMNCQkOX3RIh0G
293,1BpCQRsYuiRg1TXKR2SQe1,4MciZ3SoIaHGhBecweONHp
294,1BpCQRsYuiRg1TXKR2SQe1,1Od0hPnXSqA9pipLqNXJ7e
295,4FApejrnKXgmvrVmBMRO2l,60kSCaBM5uMKg7ZnrBH5br
296,4FApejrnKXgmvrVmBMRO2l,76WqyxPmL1KmO2up8jbYOC
297,4FApejrnKXgmvrVmBMRO2l,7GVB7uYTgkeYtLJxYMYYDp
298,4FApejrnKXgmvrVmBMRO2l,7LsIj2cflfPqS8px4dduGG
299,4FApejrnKXgmvrVmBMRO2l,52NpY0nQvHw021b9j9Ke3y
300,4FApejrnKXgmvrVmBMRO2l,5gfLje7A2I9mMRVfuiphnh
301,4FApejrnKXgmvrVmBMRO2l,6dzkjHwlCSs5uy93DoiZ1s
302,4FApejrnKXgmvrVmBMRO2l,75jOSvJYkVT21xz5yll1xM
303,4f0OXMMSxr0r8Ztx6CdpAl,7E6DrjKJieOdJKO8mbwCMO
304,4f0OXMMSxr0r8Ztx6CdpAl,7IFPeV5Ew63S7Hid0AjNgK
305,4f0OXMMSxr0r8Ztx6CdpAl,4ksdbwHbqSmv7sWP3W6L21
306,4f0OXMMSxr0r8Ztx6CdpAl,5JcSyYpBdqCmjJyVlKh7Yg
307,4f0OXMMSxr0r8Ztx6CdpAl,6L7a6wPGpvLtTwOsMLnF1z
308,4f0OXMMSxr0r8Ztx6CdpAl,6Xhhpra0X0hpvC3yZaQ0Du
309,4f0OXMMSxr0r8Ztx6CdpAl,5cPNMq5lKAoAKyv5kdpz9s
310,4f0OXMMSxr0r8Ztx6CdpAl,52I8HbScEEvgwiiSDaM7gP
311,4f0OXMMSxr0r8Ztx6CdpAl,77faXTf6wXs3L2CVol0c8C
312,4f0OXMMSxr0r8Ztx6CdpAl,6J6UF3GqOLdt6f4gfazSzf
313,4f0OXMMSxr0r8Ztx6CdpAl,7MXzeG7zoG8pKpqKCOqcZL
314,4f0OXMMSxr0r8Ztx6CdpAl,7fMJN4fdEwmFWd8uz5pnKx
315,1Ok5WQlGEnuFOiUlpCKcVT,6GebWeCCtey5pbQepRYD6c
316,1Ok5WQlGEnuFOiUlpCKcVT,4LBa6kTLaQHiONCfTfTaXV
317,1Ok5WQlGEnuFOiUlpCKcVT,52I8HbScEEvgwiiSDaM7gP
318,1Ok5WQlGEnuFOiUlpCKcVT,303olBIixVXirStn7yhOZX
319,1Ok5WQlGEnuFOiUlpCKcVT,7ikySCCJo3shAEZsoKEtVK
320,1Ok5WQlGEnuFOiUlpCKcVT,1Uk4IDpF1OIuTzANugS5JC
321,1Ok5WQlGEnuFOiUlpCKcVT,7MXzeG7zoG8pKpqKCOqcZL
322,1Ok5WQlGEnuFOiUlpCKcVT,1QsT3VKbdtjMxXoy9myb2X
323,1Ok5WQlGEnuFOiUlpCKcVT,4ksdbwHbqSmv7sWP3W6L21
324,1Ok5WQlGEnuFOiUlpCKcVT,6Xhhpra0X0hpvC3yZaQ0Du
325,1Ok5WQlGEnuFOiUlpCKcVT,5cPNMq5lKAoAKyv5kdpz9s
326,1Ok5WQlGEnuFOiUlpCKcVT,3GAHYVHU0HppTq2qgzejcv
327,3OhUveXjN6gDbNt7ygN8z6,6e68sik2CrpAAsu6e2IKTS
328,3OhUveXjN6gDbNt7ygN8z6,6Czf2AVSww2aOhW4M6QNHT
329,3OhUveXjN6gDbNt7ygN8z6,4WBnZbV6k0m7JUs7TPjY2N
330,3OhUveXjN6gDbNt7ygN8z6,5KENAwkg6GClWnY28tokF8
331,3OhUveXjN6gDbNt7ygN8z6,5AVdeI8lS5HS9VGV8AUyS4
332,3OhUveXjN6gDbNt7ygN8z6,7tEAlsvmuaVnKQyswnonem
333,3OhUveXjN6gDbNt7ygN8z6,7lZh2XFOqO7ePMGacEIp13
334,5KENAwkg6GClWnY28tokF8,6e68sik2CrpAAsu6e2IKTS
335,5KENAwkg6GClWnY28tokF8,7lZh2XFOqO7ePMGacEIp13
336,5KENAwkg6GClWnY28tokF8,7nB6UUQKYuec06ewKuLcPH
337,4dt1zguktrZlBRP7zuEQDX,6e68sik2CrpAAsu6e2IKTS
338,4dt1zguktrZlBRP7zuEQDX,5ADZt1NEbf0ImRvacK9kDl
339,4dt1zguktrZlBRP7zuEQDX,6Czf2AVSww2aOhW4M6QNHT
340,4dt1zguktrZlBRP7zuEQDX,5KENAwkg6GClWnY28tokF8
341,2aYw1VignY89UokpxjuibF,4dt1zguktrZlBRP7zuEQDX
342,2aYw1VignY89UokpxjuibF,4N5dAfqsjUgmluwrFoeuOb
343,2aYw1VignY89UokpxjuibF,4WBnZbV6k0m7JUs7TPjY2N
344,2aYw1VignY89UokpxjuibF,5WVDwdJ6jhLHQ2PuRQz7Yc
345,2aYw1VignY89UokpxjuibF,6e68sik2CrpAAsu6e2IKTS
346,2aYw1VignY89UokpxjuibF,6Czf2AVSww2aOhW4M6QNHT
347,2aYw1VignY89UokpxjuibF,5AVdeI8lS5HS9VGV8AUyS4
348,2aYw1VignY89UokpxjuibF,5QG0fGAvCl1iKbBonxZNSB
349,2aYw1VignY89UokpxjuibF,7FTQICqfx93tZdwZJb3wt2
350,0hHKtZEXHNsXfgrNgU7Zkl,7GVB7uYTgkeYtLJxYMYYDp
351,0hHKtZEXHNsXfgrNgU7Zkl,7ikySCCJo3shAEZsoKEtVK
352,0hHKtZEXHNsXfgrNgU7Zkl,4MciZ3SoIaHGhBecweONHp
353,0hHKtZEXHNsXfgrNgU7Zkl,3GAHYVHU0HppTq2qgzejcv
354,0hHKtZEXHNsXfgrNgU7Zkl,7LsIj2cflfPqS8px4dduGG
355,0hHKtZEXHNsXfgrNgU7Zkl,52I8HbScEEvgwiiSDaM7gP
356,0hHKtZEXHNsXfgrNgU7Zkl,4Kr8tEhZ6ecAQnqxd7WkTb
357,0hHKtZEXHNsXfgrNgU7Zkl,303olBIixVXirStn7yhOZX
358,0hHKtZEXHNsXfgrNgU7Zkl,7MXzeG7zoG8pKpqKCOqcZL
359,0hHKtZEXHNsXfgrNgU7Zkl,4LBa6kTLaQHiONCfTfTaXV
360,6bPXSfsHFvyltUwfqUrrLy,7tEAlsvmuaVnKQyswnonem
361,5eHs2hHfUzGizdnrLjc3CW,77faXTf6wXs3L2CVol0c8C
362,5eHs2hHfUzGizdnrLjc3CW,6glAHKAPvBPUQ4HQcYXxpr
363,5eHs2hHfUzGizdnrLjc3CW,7E6DrjKJieOdJKO8mbwCMO
364,5eHs2hHfUzGizdnrLjc3CW,75jOSvJYkVT21xz5yll1xM
365,5eHs2hHfUzGizdnrLjc3CW,7Ecbym3UD6q848BAse6Qeb
366,5eHs2hHfUzGizdnrLjc3CW,76WqyxPmL1KmO2up8jbYOC
367,5eHs2hHfUzGizdnrLjc3CW,75CWM6dvHUuLGsQj8fJyXr
368,5eHs2hHfUzGizdnrLjc3CW,7eS0sxPiRLeafMwpgLJml1
369,4Kr8tEhZ6ecAQnqxd7WkTb,7LsIj2cflfPqS8px4dduGG
370,4Kr8tEhZ6ecAQnqxd7WkTb,60kSCaBM5uMKg7ZnrBH5br
371,4Kr8tEhZ6ecAQnqxd7WkTb,7GVB7uYTgkeYtLJxYMYYDp
372,4Kr8tEhZ6ecAQnqxd7WkTb,76WqyxPmL1KmO2up8jbYOC
373,4Kr8tEhZ6ecAQnqxd7WkTb,77faXTf6wXs3L2CVol0c8C
374,3r40SMXcvhhDUE1xhU8MSB,5gfLje7A2I9mMRVfuiphnh
375,3r40SMXcvhhDUE1xhU8MSB,6dzkjHwlCSs5uy93DoiZ1s
376,3r40SMXcvhhDUE1xhU8MSB,4Xrfj658V9oL5xwi7oM70C
377,3r40SMXcvhhDUE1xhU8MSB,7eS0sxPiRLeafMwpgLJml1
378,3r40SMXcvhhDUE1xhU8MSB,75CWM6dvHUuLGsQj8fJyXr
379,3r40SMXcvhhDUE1xhU8MSB,76WqyxPmL1KmO2up8jbYOC
380,29H7LOSOkrB31ZtoMo2yLJ,4Kr8tEhZ6ecAQnqxd7WkTb
381,29H7LOSOkrB31ZtoMo2yLJ,76WqyxPmL1KmO2up8jbYOC
382,29H7LOSOkrB31ZtoMo2yLJ,39B5R5tWbwQyHX4AitOU9U
383,29H7LOSOkrB31ZtoMo2yLJ,7LsIj2cflfPqS8px4dduGG
384,29H7LOSOkrB31ZtoMo2yLJ,56uBktjCLyONyLAgE7VBq1
385,29H7LOSOkrB31ZtoMo2yLJ,60kSCaBM5uMKg7ZnrBH5br
386,29H7LOSOkrB31ZtoMo2yLJ,3GAHYVHU0HppTq2qgzejcv
387,29H7LOSOkrB31ZtoMo2yLJ,52NpY0nQvHw021b9j9Ke3y
388,3Ij56hbjOTHq8RgutQwfxC,77faXTf6wXs3L2CVol0c8C
389,3Ij56hbjOTHq8RgutQwfxC,4Kr8tEhZ6ecAQnqxd7WkTb
390,3Ij56hbjOTHq8RgutQwfxC,6Xhhpra0X0hpvC3yZaQ0Du
391,3Ij56hbjOTHq8RgutQwfxC,7E6DrjKJieOdJKO8mbwCMO
392,3Ij56hbjOTHq8RgutQwfxC,5eHs2hHfUzGizdnrLjc3CW
393,3Ij56hbjOTHq8RgutQwfxC,4FApejrnKXgmvrVmBMRO2l
394,3Ij56hbjOTHq8RgutQwfxC,5cPNMq5lKAoAKyv5kdpz9s
395,7E6DrjKJieOdJKO8mbwCMO,7Ecbym3UD6q848BAse6Qeb
396,2m5uCiZcpQ50tXsJrThFoM,39B5R5tWbwQyHX4AitOU9U
397,2m5uCiZcpQ50tXsJrThFoM,76WqyxPmL1KmO2up8jbYOC
398,2m5uCiZcpQ50tXsJrThFoM,56uBktjCLyONyLAgE7VBq1
399,2m5uCiZcpQ50tXsJrThFoM,7eS0sxPiRLeafMwpgLJml1
400,2m5uCiZcpQ50tXsJrThFoM,3r40SMXcvhhDUE1xhU8MSB
401,2m5uCiZcpQ50tXsJrThFoM,75jOSvJYkVT21xz5yll1xM
402,2m5uCiZcpQ50tXsJrThFoM,6dzkjHwlCSs5uy93DoiZ1s
403,2m5uCiZcpQ50tXsJrThFoM,75CWM6dvHUuLGsQj8fJyXr
404,2m5uCiZcpQ50tXsJrThFoM,35l9BKzdhvLy5HOC50NECa
405,2m5uCiZcpQ50tXsJrThFoM,52NpY0nQvHw021b9j9Ke3y
406,2m5uCiZcpQ50tXsJrThFoM,3RoxAJrso1XZowEEwtCbxq
407,2m5uCiZcpQ50tXsJrThFoM,5NkT0VLTEXldi82KVVnG1b
408,2m5uCiZcpQ50tXsJrThFoM,41jZYjNEye7JGDj0xZELcL
409,2m5uCiZcpQ50tXsJrThFoM,6glAHKAPvBPUQ4HQcYXxpr
410,2m5uCiZcpQ50tXsJrThFoM,5gfLje7A2I9mMRVfuiphnh
411,2m5uCiZcpQ50tXsJrThFoM,4AGDRCSqrobTOwmsvPuSrC
412,2m5uCiZcpQ50tXsJrThFoM,60kSCaBM5uMKg7ZnrBH5br
413,1wuQQfTDZhgNb4GJyhThUs,7E6DrjKJieOdJKO8mbwCMO
414,1wuQQfTDZhgNb4GJyhThUs,5NkT0VLTEXldi82KVVnG1b
415,1wuQQfTDZhgNb4GJyhThUs,5JcSyYpBdqCmjJyVlKh7Yg
416,1wuQQfTDZhgNb4GJyhThUs,77faXTf6wXs3L2CVol0c8C
417,1wuQQfTDZhgNb4GJyhThUs,2CREMC4YATn7Bx9ZQku6IH
418,1wuQQfTDZhgNb4GJyhThUs,5eHs2hHfUzGizdnrLjc3CW
419,1wuQQfTDZhgNb4GJyhThUs,6glAHKAPvBPUQ4HQcYXxpr
420,1wuQQfTDZhgNb4GJyhThUs,3AkGIMk9xwDj4A5ttNBPiN
421,1wuQQfTDZhgNb4GJyhThUs,7Ecbym3UD6q848BAse6Qeb
422,1wuQQfTDZhgNb4GJyhThUs,2lmihUu4FzVOepdJpDDrof
423,1wuQQfTDZhgNb4GJyhThUs,2m5uCiZcpQ50tXsJrThFoM
424,1wuQQfTDZhgNb4GJyhThUs,4AGDRCSqrobTOwmsvPuSrC
425,1wuQQfTDZhgNb4GJyhThUs,4CyjDlfEi7Sb4NLgWP0x3w
426,1vDMUXdbIJHTSC8ZAf2Zqp,5NkT0VLTEXldi82KVVnG1b
427,1vDMUXdbIJHTSC8ZAf2Zqp,6glAHKAPvBPUQ4HQcYXxpr
428,1vDMUXdbIJHTSC8ZAf2Zqp,75CWM6dvHUuLGsQj8fJyXr
429,1vDMUXdbIJHTSC8ZAf2Zqp,4AGDRCSqrobTOwmsvPuSrC
430,1vDMUXdbIJHTSC8ZAf2Zqp,35l9BKzdhvLy5HOC50NECa
431,1vDMUXdbIJHTSC8ZAf2Zqp,3AkGIMk9xwDj4A5ttNBPiN
432,1vDMUXdbIJHTSC8ZAf2Zqp,7MBMIGBbRcIAn4zZPOMNKR
433,1vDMUXdbIJHTSC8ZAf2Zqp,3r40SMXcvhhDUE1xhU8MSB
434,1vDMUXdbIJHTSC8ZAf2Zqp,2m5uCiZcpQ50tXsJrThFoM
435,1vDMUXdbIJHTSC8ZAf2Zqp,4CyjDlfEi7Sb4NLgWP0x3w
436,1vDMUXdbIJHTSC8ZAf2Zqp,56uBktjCLyONyLAgE7VBq1
437,1vDMUXdbIJHTSC8ZAf2Zqp,7eS0sxPiRLeafMwpgLJml1
438,1vDMUXdbIJHTSC8ZAf2Zqp,7wXBtpPB5GFddtz9OeBlPW
439,1vDMUXdbIJHTSC8ZAf2Zqp,5Gmt205UikGABaRkBaTX5L
440,1vDMUXdbIJHTSC8ZAf2Zqp,5gfLje7A2I9mMRVfuiphnh
441,1vDMUXdbIJHTSC8ZAf2Zqp,7Ecbym3UD6q848BAse6Qeb
442,77faXTf6wXs3L2CVol0c8C,7LsIj2cflfPqS8px4dduGG
443,0Fp1lykJGk1eInmWFbSwoK,76WqyxPmL1KmO2up8jbYOC
444,0Fp1lykJGk1eInmWFbSwoK,39B5R5tWbwQyHX4AitOU9U
445,0Fp1lykJGk1eInmWFbSwoK,56uBktjCLyONyLAgE7VBq1
446,0Fp1lykJGk1eInmWFbSwoK,41jZYjNEye7JGDj0xZELcL
447,0Fp1lykJGk1eInmWFbSwoK,3RoxAJrso1XZowEEwtCbxq
448,0Fp1lykJGk1eInmWFbSwoK,75jOSvJYkVT21xz5yll1xM
449,0Fp1lykJGk1eInmWFbSwoK,7LsIj2cflfPqS8px4dduGG
450,0Fp1lykJGk1eInmWFbSwoK,29H7LOSOkrB31ZtoMo2yLJ
451,0Fp1lykJGk1eInmWFbSwoK,6glAHKAPvBPUQ4HQcYXxpr
452,0Fp1lykJGk1eInmWFbSwoK,6dzkjHwlCSs5uy93DoiZ1s
453,0Fp1lykJGk1eInmWFbSwoK,52NpY0nQvHw021b9j9Ke3y
454,0Fp1lykJGk1eInmWFbSwoK,2m5uCiZcpQ50tXsJrThFoM
455,0Fp1lykJGk1eInmWFbSwoK,3r40SMXcvhhDUE1xhU8MSB
456,0Fp1lykJGk1eInmWFbSwoK,60kSCaBM5uMKg7ZnrBH5br
457,0Fp1lykJGk1eInmWFbSwoK,5gfLje7A2I9mMRVfuiphnh
458,5ezp2WTBB8rewVCdTKGO1F,6Czf2AVSww2aOhW4M6QNHT
459,5QySqc6yAFDx9m7fedFZmC,6qJ61DomA73g7jQEKESw9Z
460,5QySqc6yAFDx9m7fedFZmC,6L7a6wPGpvLtTwOsMLnF1z
461,5QySqc6yAFDx9m7fedFZmC,5cPNMq5lKAoAKyv5kdpz9s
462,5QySqc6yAFDx9m7fedFZmC,7IFPeV5Ew63S7Hid0AjNgK
463,5QySqc6yAFDx9m7fedFZmC,7fMJN4fdEwmFWd8uz5pnKx
464,5QySqc6yAFDx9m7fedFZmC,6Xhhpra0X0hpvC3yZaQ0Du
465,5QySqc6yAFDx9m7fedFZmC,7IeovKzVkfcG9mIJGNzTcT
466,0I5is4tdxHhT3Ft2EzPjlB,52I8HbScEEvgwiiSDaM7gP
467,0I5is4tdxHhT3Ft2EzPjlB,4LBa6kTLaQHiONCfTfTaXV
468,0I5is4tdxHhT3Ft2EzPjlB,6GebWeCCtey5pbQepRYD6c
469,0I5is4tdxHhT3Ft2EzPjlB,0hHKtZEXHNsXfgrNgU7Zkl
470,0I5is4tdxHhT3Ft2EzPjlB,7ikySCCJo3shAEZsoKEtVK
471,0I5is4tdxHhT3Ft2EzPjlB,0MwTAzU4fDGGfrUAHzYwRJ
472,0I5is4tdxHhT3Ft2EzPjlB,7MXzeG7zoG8pKpqKCOqcZL
473,0I5is4tdxHhT3Ft2EzPjlB,303olBIixVXirStn7yhOZX
474,0I5is4tdxHhT3Ft2EzPjlB,4ksdbwHbqSmv7sWP3W6L21
475,0I5is4tdxHhT3Ft2EzPjlB,1Uk4IDpF1OIuTzANugS5JC
476,0I5is4tdxHhT3Ft2EzPjlB,3GAHYVHU0HppTq2qgzejcv
477,0I5is4tdxHhT3Ft2EzPjlB,4MciZ3SoIaHGhBecweONHp
478,0I5is4tdxHhT3Ft2EzPjlB,7GVB7uYTgkeYtLJxYMYYDp
479,0I5is4tdxHhT3Ft2EzPjlB,1Ok5WQlGEnuFOiUlpCKcVT
480,4LBa6kTLaQHiONCfTfTaXV,7ikySCCJo3shAEZsoKEtVK
481,4LBa6kTLaQHiONCfTfTaXV,52I8HbScEEvgwiiSDaM7gP
482,4LBa6kTLaQHiONCfTfTaXV,7MXzeG7zoG8pKpqKCOqcZL
483,4LBa6kTLaQHiONCfTfTaXV,7FTQICqfx93tZdwZJb3wt2
484,4LBa6kTLaQHiONCfTfTaXV,6GebWeCCtey5pbQepRYD6c
485,4LBa6kTLaQHiONCfTfTaXV,4MciZ3SoIaHGhBecweONHp
486,4LBa6kTLaQHiONCfTfTaXV,4ksdbwHbqSmv7sWP3W6L21
487,4LBa6kTLaQHiONCfTfTaXV,7GVB7uYTgkeYtLJxYMYYDp
488,75jOSvJYkVT21xz5yll1xM,76WqyxPmL1KmO2up8jbYOC
489,75jOSvJYkVT21xz5yll1xM,7eS0sxPiRLeafMwpgLJml1
490,52I8HbScEEvgwiiSDaM7gP,7MXzeG7zoG8pKpqKCOqcZL
491,52I8HbScEEvgwiiSDaM7gP,7ikySCCJo3shAEZsoKEtVK
492,52I8HbScEEvgwiiSDaM7gP,6GebWeCCtey5pbQepRYD6c
493,52I8HbScEEvgwiiSDaM7gP,7tEAlsvmuaVnKQyswnonem
494,52I8HbScEEvgwiiSDaM7gP,5AVdeI8lS5HS9VGV8AUyS4
495,52I8HbScEEvgwiiSDaM7gP,7GVB7uYTgkeYtLJxYMYYDp
496,10Sg7743IiFPQQIEDSU2sv,3LMhH2ziOYh9UQWWCBm5KS
497,10Sg7743IiFPQQIEDSU2sv,4MciZ3SoIaHGhBecweONHp
498,10Sg7743IiFPQQIEDSU2sv,7GVB7uYTgkeYtLJxYMYYDp
499,10Sg7743IiFPQQIEDSU2sv,2LpNxLq1O4FAMBagy5t582
500,10Sg7743IiFPQQIEDSU2sv,4j1Br3T2yrQIWd7LUip8t4
501,10Sg7743IiFPQQIEDSU2sv,7ikySCCJo3shAEZsoKEtVK
502,10Sg7743IiFPQQIEDSU2sv,303olBIixVXirStn7yhOZX
503,10Sg7743IiFPQQIEDSU2sv,5WVDwdJ6jhLHQ2PuRQz7Yc
504,4MciZ3SoIaHGhBecweONHp,7GVB7uYTgkeYtLJxYMYYDp
505,4MciZ3SoIaHGhBecweONHp,5WVDwdJ6jhLHQ2PuRQz7Yc
506,4MciZ3SoIaHGhBecweONHp,4N5dAfqsjUgmluwrFoeuOb
507,4MciZ3SoIaHGhBecweONHp,4WBnZbV6k0m7JUs7TPjY2N
508,4MciZ3SoIaHGhBecweONHp,60kSCaBM5uMKg7ZnrBH5br
509,4MciZ3SoIaHGhBecweONHp,5AVdeI8lS5HS9VGV8AUyS4
510,4MciZ3SoIaHGhBecweONHp,7LsIj2cflfPqS8px4dduGG
511,7GVB7uYTgkeYtLJxYMYYDp,7LsIj2cflfPqS8px4dduGG
512,1QsT3VKbdtjMxXoy9myb2X,5hnFqGY2kc233cXstqrGev
513,1QsT3VKbdtjMxXoy9myb2X,4MciZ3SoIaHGhBecweONHp
514,1QsT3VKbdtjMxXoy9myb2X,4LBa6kTLaQHiONCfTfTaXV
515,1QsT3VKbdtjMxXoy9myb2X,7ikySCCJo3shAEZsoKEtVK
516,1QsT3VKbdtjMxXoy9myb2X,4Kr8tEhZ6ecAQnqxd7WkTb
517,1QsT3VKbdtjMxXoy9myb2X,7LsIj2cflfPqS8px4dduGG
518,1QsT3VKbdtjMxXoy9myb2X,3GAHYVHU0HppTq2qgzejcv
519,3LMhH2ziOYh9UQWWCBm5KS,5WVDwdJ6jhLHQ2PuRQz7Yc
520,4WBnZbV6k0m7JUs7TPjY2N,5ADZt1NEbf0ImRvacK9kDl
521,4WBnZbV6k0m7JUs7TPjY2N,6e68sik2CrpAAsu6e2IKTS
522,4WBnZbV6k0m7JUs7TPjY2N,5WVDwdJ6jhLHQ2PuRQz7Yc
523,2KNwETqTaIm0KbNyGrCnc6,5KENAwkg6GClWnY28tokF8
524,2KNwETqTaIm0KbNyGrCnc6,5ADZt1NEbf0ImRvacK9kDl
525,2KNwETqTaIm0KbNyGrCnc6,3gNQSpKr5xvrDfqknSkaWc
526,2KNwETqTaIm0KbNyGrCnc6,6e68sik2CrpAAsu6e2IKTS
527,2KNwETqTaIm0KbNyGrCnc6,7nB6UUQKYuec06ewKuLcPH
528,2UBCeOEjEhqNkm6IFzVV4D,4WBnZbV6k0m7JUs7TPjY2N
529,2UBCeOEjEhqNkm6IFzVV4D,5WVDwdJ6jhLHQ2PuRQz7Yc
530,2UBCeOEjEhqNkm6IFzVV4D,4N5dAfqsjUgmluwrFoeuOb
531,05ndiewdJogtosuRWN8iwF,3GAHYVHU0HppTq2qgzejcv
532,05ndiewdJogtosuRWN8iwF,6Xhhpra0X0hpvC3yZaQ0Du
533,05ndiewdJogtosuRWN8iwF,4Kr8tEhZ6ecAQnqxd7WkTb
534,05ndiewdJogtosuRWN8iwF,77faXTf6wXs3L2CVol0c8C
535,05ndiewdJogtosuRWN8iwF,7LsIj2cflfPqS8px4dduGG
536,05ndiewdJogtosuRWN8iwF,4ksdbwHbqSmv7sWP3W6L21
537,05ndiewdJogtosuRWN8iwF,2B3mYtzGes0f92Yfn4mVQD
538,05ndiewdJogtosuRWN8iwF,7GVB7uYTgkeYtLJxYMYYDp
539,05ndiewdJogtosuRWN8iwF,60kSCaBM5uMKg7ZnrBH5br
540,05ndiewdJogtosuRWN8iwF,5cPNMq5lKAoAKyv5kdpz9s
541,05ndiewdJogtosuRWN8iwF,0Fp1lykJGk1eInmWFbSwoK
542,05ndiewdJogtosuRWN8iwF,6KlY7jizsLWQcXR1F2Sn9j
543,05ndiewdJogtosuRWN8iwF,2lmihUu4FzVOepdJpDDrof
544,05ndiewdJogtosuRWN8iwF,0MwTAzU4fDGGfrUAHzYwRJ
545,05ndiewdJogtosuRWN8iwF,0WbAxASsYdodSlqwserDAW
546,05ndiewdJogtosuRWN8iwF,4FApejrnKXgmvrVmBMRO2l
547,3GAHYVHU0HppTq2qgzejcv,4Kr8tEhZ6ecAQnqxd7WkTb
548,3GAHYVHU0HppTq2qgzejcv,7LsIj2cflfPqS8px4dduGG
549,3GAHYVHU0HppTq2qgzejcv,60kSCaBM5uMKg7ZnrBH5br
550,3GAHYVHU0HppTq2qgzejcv,7GVB7uYTgkeYtLJxYMYYDp
551,3GAHYVHU0HppTq2qgzejcv,77faXTf6wXs3L2CVol0c8C
552,3GAHYVHU0HppTq2qgzejcv,4MciZ3SoIaHGhBecweONHp
553,3GAHYVHU0HppTq2qgzejcv,76WqyxPmL1KmO2up8jbYOC
554,6Xhhpra0X0hpvC3yZaQ0Du,7LsIj2cflfPqS8px4dduGG
555,6Xhhpra0X0hpvC3yZaQ0Du,77faXTf6wXs3L2CVol0c8C
556,6Xhhpra0X0hpvC3yZaQ0Du,7GVB7uYTgkeYtLJxYMYYDp
557,5cPNMq5lKAoAKyv5kdpz9s,6Xhhpra0X0hpvC3yZaQ0Du
558,5cPNMq5lKAoAKyv5kdpz9s,77faXTf6wXs3L2CVol0c8C
559,5cPNMq5lKAoAKyv5kdpz9s,7GVB7uYTgkeYtLJxYMYYDp
560,5cPNMq5lKAoAKyv5kdpz9s,7LsIj2cflfPqS8px4dduGG
561,5cPNMq5lKAoAKyv5kdpz9s,7MXzeG7zoG8pKpqKCOqcZL
562,5cPNMq5lKAoAKyv5kdpz9s,7fMJN4fdEwmFWd8uz5pnKx
563,7IeovKzVkfcG9mIJGNzTcT,7fMJN4fdEwmFWd8uz5pnKx
564,2lmihUu4FzVOepdJpDDrof,3r40SMXcvhhDUE1xhU8MSB
565,2lmihUu4FzVOepdJpDDrof,2m5uCiZcpQ50tXsJrThFoM
566,2lmihUu4FzVOepdJpDDrof,76WqyxPmL1KmO2up8jbYOC
567,2lmihUu4FzVOepdJpDDrof,39B5R5tWbwQyHX4AitOU9U
568,2lmihUu4FzVOepdJpDDrof,6glAHKAPvBPUQ4HQcYXxpr
569,2lmihUu4FzVOepdJpDDrof,52NpY0nQvHw021b9j9Ke3y
570,2lmihUu4FzVOepdJpDDrof,60kSCaBM5uMKg7ZnrBH5br
571,2lmihUu4FzVOepdJpDDrof,77faXTf6wXs3L2CVol0c8C
572,2lmihUu4FzVOepdJpDDrof,5NkT0VLTEXldi82KVVnG1b
573,2lmihUu4FzVOepdJpDDrof,7eS0sxPiRLeafMwpgLJml1
574,2lmihUu4FzVOepdJpDDrof,56uBktjCLyONyLAgE7VBq1
575,2lmihUu4FzVOepdJpDDrof,6dzkjHwlCSs5uy93DoiZ1s
576,2lmihUu4FzVOepdJpDDrof,75jOSvJYkVT21xz5yll1xM
577,2lmihUu4FzVOepdJpDDrof,5eHs2hHfUzGizdnrLjc3CW
578,2lmihUu4FzVOepdJpDDrof,5gfLje7A2I9mMRVfuiphnh
579,4j1Br3T2yrQIWd7LUip8t4,5ADZt1NEbf0ImRvacK9kDl
580,4j1Br3T2yrQIWd7LUip8t4,5AtGLnu8GxRajsCHRxGdOh
581,4j1Br3T2yrQIWd7LUip8t4,7GVB7uYTgkeYtLJxYMYYDp
582,4j1Br3T2yrQIWd7LUip8t4,5AVdeI8lS5HS9VGV8AUyS4
583,4j1Br3T2yrQIWd7LUip8t4,5WVDwdJ6jhLHQ2PuRQz7Yc
584,4j1Br3T2yrQIWd7LUip8t4,7tEAlsvmuaVnKQyswnonem
585,4j1Br3T2yrQIWd7LUip8t4,7MXzeG7zoG8pKpqKCOqcZL
586,2B3mYtzGes0f92Yfn4mVQD,5gfLje7A2I9mMRVfuiphnh
587,2B3mYtzGes0f92Yfn4mVQD,39B5R5tWbwQyHX4AitOU9U
588,2B3mYtzGes0f92Yfn4mVQD,6dzkjHwlCSs5uy93DoiZ1s
589,2B3mYtzGes0f92Yfn4mVQD,60kSCaBM5uMKg7ZnrBH5br
590,2B3mYtzGes0f92Yfn4mVQD,3r40SMXcvhhDUE1xhU8MSB
591,2B3mYtzGes0f92Yfn4mVQD,7LsIj2cflfPqS8px4dduGG
592,2B3mYtzGes0f92Yfn4mVQD,76WqyxPmL1KmO2up8jbYOC
593,2B3mYtzGes0f92Yfn4mVQD,7eS0sxPiRLeafMwpgLJml1
594,2B3mYtzGes0f92Yfn4mVQD,3RoxAJrso1XZowEEwtCbxq
595,2B3mYtzGes0f92Yfn4mVQD,79QnAdpXGrzcsIOFtW3gR4
596,2B3mYtzGes0f92Yfn4mVQD,7GVB7uYTgkeYtLJxYMYYDp
597,2B3mYtzGes0f92Yfn4mVQD,2Bg6vhG3aY7ixxqEGZeos6
598,2B3mYtzGes0f92Yfn4mVQD,52NpY0nQvHw021b9j9Ke3y
599,2B3mYtzGes0f92Yfn4mVQD,75jOSvJYkVT21xz5yll1xM
600,76WqyxPmL1KmO2up8jbYOC,7eS0sxPiRLeafMwpgLJml1
601,6ilunSmiKHt6sXusLweMWI,7lZh2XFOqO7ePMGacEIp13
602,303olBIixVXirStn7yhOZX,7ikySCCJo3shAEZsoKEtVK
603,303olBIixVXirStn7yhOZX,5ezp2WTBB8rewVCdTKGO1F
604,303olBIixVXirStn7yhOZX,5AVdeI8lS5HS9VGV8AUyS4
605,303olBIixVXirStn7yhOZX,4MciZ3SoIaHGhBecweONHp
606,303olBIixVXirStn7yhOZX,6Czf2AVSww2aOhW4M6QNHT
607,303olBIixVXirStn7yhOZX,5WVDwdJ6jhLHQ2PuRQz7Yc
608,59VlEky6rgwrcluurlvspE,7MXzeG7zoG8pKpqKCOqcZL
609,59VlEky6rgwrcluurlvspE,5ezp2WTBB8rewVCdTKGO1F
610,59VlEky6rgwrcluurlvspE,7tEAlsvmuaVnKQyswnonem
611,59VlEky6rgwrcluurlvspE,6KlY7jizsLWQcXR1F2Sn9j
612,59VlEky6rgwrcluurlvspE,5AVdeI8lS5HS9VGV8AUyS4
613,59VlEky6rgwrcluurlvspE,6GebWeCCtey5pbQepRYD6c
614,6Czf2AVSww2aOhW4M6QNHT,6e68sik2CrpAAsu6e2IKTS
615,0v2IfstPtayguzHzbNJbAS,1jhtkxPeSRXrj2lM5egbdt
616,0v2IfstPtayguzHzbNJbAS,4N5dAfqsjUgmluwrFoeuOb
617,0v2IfstPtayguzHzbNJbAS,6e68sik2CrpAAsu6e2IKTS
618,1jhtkxPeSRXrj2lM5egbdt,4N5dAfqsjUgmluwrFoeuOb
619,1jhtkxPeSRXrj2lM5egbdt,5WVDwdJ6jhLHQ2PuRQz7Yc
620,2LpNxLq1O4FAMBagy5t582,39B5R5tWbwQyHX4AitOU9U
621,60kSCaBM5uMKg7ZnrBH5br,6dzkjHwlCSs5uy93DoiZ1s
622,60kSCaBM5uMKg7ZnrBH5br,7GVB7uYTgkeYtLJxYMYYDp
623,60kSCaBM5uMKg7ZnrBH5br,76WqyxPmL1KmO2up8jbYOC
624,60kSCaBM5uMKg7ZnrBH5br,79QnAdpXGrzcsIOFtW3gR4
625,60kSCaBM5uMKg7ZnrBH5br,7LsIj2cflfPqS8px4dduGG
626,39B5R5tWbwQyHX4AitOU9U,6dzkjHwlCSs5uy93DoiZ1s
627,39B5R5tWbwQyHX4AitOU9U,3RoxAJrso1XZowEEwtCbxq
628,39B5R5tWbwQyHX4AitOU9U,5gfLje7A2I9mMRVfuiphnh
629,39B5R5tWbwQyHX4AitOU9U,76WqyxPmL1KmO2up8jbYOC
630,39B5R5tWbwQyHX4AitOU9U,3r40SMXcvhhDUE1xhU8MSB
631,39B5R5tWbwQyHX4AitOU9U,41jZYjNEye7JGDj0xZELcL
632,18UStRMkfnMhX5Qxzhylej,7GVB7uYTgkeYtLJxYMYYDp
633,18UStRMkfnMhX5Qxzhylej,60kSCaBM5uMKg7ZnrBH5br
634,18UStRMkfnMhX5Qxzhylej,4MciZ3SoIaHGhBecweONHp
635,18UStRMkfnMhX5Qxzhylej,7LsIj2cflfPqS8px4dduGG
636,18UStRMkfnMhX5Qxzhylej,39B5R5tWbwQyHX4AitOU9U
637,18UStRMkfnMhX5Qxzhylej,7tEAlsvmuaVnKQyswnonem
638,18UStRMkfnMhX5Qxzhylej,4ksdbwHbqSmv7sWP3W6L21
639,18UStRMkfnMhX5Qxzhylej,6KlY7jizsLWQcXR1F2Sn9j
640,18UStRMkfnMhX5Qxzhylej,6bPXSfsHFvyltUwfqUrrLy
641,18UStRMkfnMhX5Qxzhylej,5AVdeI8lS5HS9VGV8AUyS4
642,18UStRMkfnMhX5Qxzhylej,52NpY0nQvHw021b9j9Ke3y
643,18UStRMkfnMhX5Qxzhylej,7MXzeG7zoG8pKpqKCOqcZL
644,18UStRMkfnMhX5Qxzhylej,4IQIMZPSBfizEPPGdCmsXV
645,450u38hSRh0Q2UyghEbjpS,4WBnZbV6k0m7JUs7TPjY2N
646,450u38hSRh0Q2UyghEbjpS,5AVdeI8lS5HS9VGV8AUyS4
647,450u38hSRh0Q2UyghEbjpS,5WVDwdJ6jhLHQ2PuRQz7Yc
648,450u38hSRh0Q2UyghEbjpS,6Czf2AVSww2aOhW4M6QNHT
649,450u38hSRh0Q2UyghEbjpS,4N5dAfqsjUgmluwrFoeuOb
650,450u38hSRh0Q2UyghEbjpS,4MciZ3SoIaHGhBecweONHp
651,450u38hSRh0Q2UyghEbjpS,7tEAlsvmuaVnKQyswnonem
652,450u38hSRh0Q2UyghEbjpS,5ezp2WTBB8rewVCdTKGO1F
653,2JqPH5sGxBA5lDMUmO5uAE,6dzkjHwlCSs5uy93DoiZ1s
654,2JqPH5sGxBA5lDMUmO5uAE,688kfDW4561PQyZkJCoGmi
655,2JqPH5sGxBA5lDMUmO5uAE,4WBnZbV6k0m7JUs7TPjY2N
656,2JqPH5sGxBA5lDMUmO5uAE,5gfLje7A2I9mMRVfuiphnh
657,2JqPH5sGxBA5lDMUmO5uAE,4IQIMZPSBfizEPPGdCmsXV
658,2JqPH5sGxBA5lDMUmO5uAE,3r40SMXcvhhDUE1xhU8MSB
659,2JqPH5sGxBA5lDMUmO5uAE,3RoxAJrso1XZowEEwtCbxq
660,2JqPH5sGxBA5lDMUmO5uAE,39B5R5tWbwQyHX4AitOU9U
661,2JqPH5sGxBA5lDMUmO5uAE,52NpY0nQvHw021b9j9Ke3y
662,2JqPH5sGxBA5lDMUmO5uAE,60kSCaBM5uMKg7ZnrBH5br
663,0WbAxASsYdodSlqwserDAW,3GAHYVHU0HppTq2qgzejcv
664,0WbAxASsYdodSlqwserDAW,77faXTf6wXs3L2CVol0c8C
665,0WbAxASsYdodSlqwserDAW,4Kr8tEhZ6ecAQnqxd7WkTb
666,0WbAxASsYdodSlqwserDAW,5cPNMq5lKAoAKyv5kdpz9s
667,0WbAxASsYdodSlqwserDAW,6Xhhpra0X0hpvC3yZaQ0Du
668,0WbAxASsYdodSlqwserDAW,29H7LOSOkrB31ZtoMo2yLJ
669,0WbAxASsYdodSlqwserDAW,1rpLzYzfrueWdkpcIunZQl
670,0WbAxASsYdodSlqwserDAW,4ksdbwHbqSmv7sWP3W6L21
671,0WbAxASsYdodSlqwserDAW,2lmihUu4FzVOepdJpDDrof
672,0WbAxASsYdodSlqwserDAW,0hHKtZEXHNsXfgrNgU7Zkl
673,0WbAxASsYdodSlqwserDAW,3Ij56hbjOTHq8RgutQwfxC
674,0WbAxASsYdodSlqwserDAW,4FApejrnKXgmvrVmBMRO2l
675,0nvvhGGaXFDeqaYRd3BdHR,688kfDW4561PQyZkJCoGmi
676,0nvvhGGaXFDeqaYRd3BdHR,6dzkjHwlCSs5uy93DoiZ1s
677,0nvvhGGaXFDeqaYRd3BdHR,7nB6UUQKYuec06ewKuLcPH
678,0nvvhGGaXFDeqaYRd3BdHR,1xMkzNWui7gg9TrYMto6VN
679,0nvvhGGaXFDeqaYRd3BdHR,4Xrfj658V9oL5xwi7oM70C
680,0nvvhGGaXFDeqaYRd3BdHR,1xOF2FyFW6vNoGw83EMrPU
681,0nvvhGGaXFDeqaYRd3BdHR,7lZh2XFOqO7ePMGacEIp13
682,75CWM6dvHUuLGsQj8fJyXr,7MBMIGBbRcIAn4zZPOMNKR
683,75CWM6dvHUuLGsQj8fJyXr,7eS0sxPiRLeafMwpgLJml1
684,5NkT0VLTEXldi82KVVnG1b,75CWM6dvHUuLGsQj8fJyXr
685,5NkT0VLTEXldi82KVVnG1b,7MBMIGBbRcIAn4zZPOMNKR
686,5NkT0VLTEXldi82KVVnG1b,7eS0sxPiRLeafMwpgLJml1
687,5NkT0VLTEXldi82KVVnG1b,5gfLje7A2I9mMRVfuiphnh
688,5NkT0VLTEXldi82KVVnG1b,7wXBtpPB5GFddtz9OeBlPW
689,5NkT0VLTEXldi82KVVnG1b,6dzkjHwlCSs5uy93DoiZ1s
690,5NkT0VLTEXldi82KVVnG1b,75jOSvJYkVT21xz5yll1xM
691,5JcSyYpBdqCmjJyVlKh7Yg,5NkT0VLTEXldi82KVVnG1b
692,5JcSyYpBdqCmjJyVlKh7Yg,7E6DrjKJieOdJKO8mbwCMO
693,5JcSyYpBdqCmjJyVlKh7Yg,7Ecbym3UD6q848BAse6Qeb
694,5JcSyYpBdqCmjJyVlKh7Yg,6glAHKAPvBPUQ4HQcYXxpr
695,5JcSyYpBdqCmjJyVlKh7Yg,7wXBtpPB5GFddtz9OeBlPW
696,5JcSyYpBdqCmjJyVlKh7Yg,5eHs2hHfUzGizdnrLjc3CW
697,5JcSyYpBdqCmjJyVlKh7Yg,77faXTf6wXs3L2CVol0c8C
698,2CREMC4YATn7Bx9ZQku6IH,5NkT0VLTEXldi82KVVnG1b
699,2CREMC4YATn7Bx9ZQku6IH,5JcSyYpBdqCmjJyVlKh7Yg
700,2CREMC4YATn7Bx9ZQku6IH,7wXBtpPB5GFddtz9OeBlPW
701,2CREMC4YATn7Bx9ZQku6IH,75CWM6dvHUuLGsQj8fJyXr
702,2CREMC4YATn7Bx9ZQku6IH,3AkGIMk9xwDj4A5ttNBPiN
703,2CREMC4YATn7Bx9ZQku6IH,65kwwmTEJIlKRldGhmUM0b
704,2CREMC4YATn7Bx9ZQku6IH,35l9BKzdhvLy5HOC50NECa
705,2CREMC4YATn7Bx9ZQku6IH,4AGDRCSqrobTOwmsvPuSrC
706,2CREMC4YATn7Bx9ZQku6IH,7Ecbym3UD6q848BAse6Qeb
707,2CREMC4YATn7Bx9ZQku6IH,7MBMIGBbRcIAn4zZPOMNKR
708,2CREMC4YATn7Bx9ZQku6IH,7E6DrjKJieOdJKO8mbwCMO
709,2CREMC4YATn7Bx9ZQku6IH,4CyjDlfEi7Sb4NLgWP0x3w
710,2CREMC4YATn7Bx9ZQku6IH,2lmihUu4FzVOepdJpDDrof
711,2CREMC4YATn7Bx9ZQku6IH,5J3RIw3YwgyXeosItjR9GY
712,2CREMC4YATn7Bx9ZQku6IH,7eS0sxPiRLeafMwpgLJml1
713,5hnFqGY2kc233cXstqrGev,7LsIj2cflfPqS8px4dduGG
714,22jcDppDfbm4cqqUDzM8tU,4xSp6WltH5N47OrAu4pjKw
715,22jcDppDfbm4cqqUDzM8tU,41jZYjNEye7JGDj0xZELcL
716,22jcDppDfbm4cqqUDzM8tU,7MBMIGBbRcIAn4zZPOMNKR
717,7Ecbym3UD6q848BAse6Qeb,7MBMIGBbRcIAn4zZPOMNKR
718,7Ecbym3UD6q848BAse6Qeb,7eS0sxPiRLeafMwpgLJml1
719,7Ecbym3UD6q848BAse6Qeb,7wXBtpPB5GFddtz9OeBlPW
720,3AkGIMk9xwDj4A5ttNBPiN,7MBMIGBbRcIAn4zZPOMNKR
721,3AkGIMk9xwDj4A5ttNBPiN,4AGDRCSqrobTOwmsvPuSrC
722,3AkGIMk9xwDj4A5ttNBPiN,7wXBtpPB5GFddtz9OeBlPW
723,3AkGIMk9xwDj4A5ttNBPiN,5Gmt205UikGABaRkBaTX5L
724,3AkGIMk9xwDj4A5ttNBPiN,75CWM6dvHUuLGsQj8fJyXr
725,3AkGIMk9xwDj4A5ttNBPiN,5NkT0VLTEXldi82KVVnG1b
726,3AkGIMk9xwDj4A5ttNBPiN,4CyjDlfEi7Sb4NLgWP0x3w
727,3AkGIMk9xwDj4A5ttNBPiN,56uBktjCLyONyLAgE7VBq1
728,3AkGIMk9xwDj4A5ttNBPiN,7eS0sxPiRLeafMwpgLJml1
729,3AkGIMk9xwDj4A5ttNBPiN,7Ecbym3UD6q848BAse6Qeb
730,7MBMIGBbRcIAn4zZPOMNKR,7wXBtpPB5GFddtz9OeBlPW
731,23YqfnxHhNcTMAkU4hxl1l,7MBMIGBbRcIAn4zZPOMNKR
732,23YqfnxHhNcTMAkU4hxl1l,5Gmt205UikGABaRkBaTX5L
733,23YqfnxHhNcTMAkU4hxl1l,41jZYjNEye7JGDj0xZELcL
734,23YqfnxHhNcTMAkU4hxl1l,56uBktjCLyONyLAgE7VBq1
735,23YqfnxHhNcTMAkU4hxl1l,4AGDRCSqrobTOwmsvPuSrC
736,23YqfnxHhNcTMAkU4hxl1l,35l9BKzdhvLy5HOC50NECa
737,23YqfnxHhNcTMAkU4hxl1l,3RoxAJrso1XZowEEwtCbxq
738,23YqfnxHhNcTMAkU4hxl1l,7eS0sxPiRLeafMwpgLJml1
739,23YqfnxHhNcTMAkU4hxl1l,75CWM6dvHUuLGsQj8fJyXr
740,23YqfnxHhNcTMAkU4hxl1l,76WqyxPmL1KmO2up8jbYOC
741,23YqfnxHhNcTMAkU4hxl1l,7wXBtpPB5GFddtz9OeBlPW
742,23YqfnxHhNcTMAkU4hxl1l,75jOSvJYkVT21xz5yll1xM
743,23YqfnxHhNcTMAkU4hxl1l,6dzkjHwlCSs5uy93DoiZ1s
744,2x7wHChcawAYikCTKfhjId,4Xrfj658V9oL5xwi7oM70C
745,2x7wHChcawAYikCTKfhjId,3RoxAJrso1XZowEEwtCbxq
746,56uBktjCLyONyLAgE7VBq1,7MBMIGBbRcIAn4zZPOMNKR
747,56uBktjCLyONyLAgE7VBq1,76WqyxPmL1KmO2up8jbYOC
748,56uBktjCLyONyLAgE7VBq1,75jOSvJYkVT21xz5yll1xM
749,56uBktjCLyONyLAgE7VBq1,5Gmt205UikGABaRkBaTX5L
750,56uBktjCLyONyLAgE7VBq1,7eS0sxPiRLeafMwpgLJml1
751,56uBktjCLyONyLAgE7VBq1,6dzkjHwlCSs5uy93DoiZ1s
752,56uBktjCLyONyLAgE7VBq1,75CWM6dvHUuLGsQj8fJyXr
753,41jZYjNEye7JGDj0xZELcL,6dzkjHwlCSs5uy93DoiZ1s
754,4CyjDlfEi7Sb4NLgWP0x3w,7MBMIGBbRcIAn4zZPOMNKR
755,4CyjDlfEi7Sb4NLgWP0x3w,5NkT0VLTEXldi82KVVnG1b
756,4CyjDlfEi7Sb4NLgWP0x3w,75CWM6dvHUuLGsQj8fJyXr
757,4CyjDlfEi7Sb4NLgWP0x3w,56uBktjCLyONyLAgE7VBq1
758,4CyjDlfEi7Sb4NLgWP0x3w,5Gmt205UikGABaRkBaTX5L
759,4CyjDlfEi7Sb4NLgWP0x3w,7wXBtpPB5GFddtz9OeBlPW
760,4CyjDlfEi7Sb4NLgWP0x3w,6glAHKAPvBPUQ4HQcYXxpr
761,52NpY0nQvHw021b9j9Ke3y,6dzkjHwlCSs5uy93DoiZ1s
762,52NpY0nQvHw021b9j9Ke3y,76WqyxPmL1KmO2up8jbYOC
763,52NpY0nQvHw021b9j9Ke3y,5gfLje7A2I9mMRVfuiphnh
764,52NpY0nQvHw021b9j9Ke3y,60kSCaBM5uMKg7ZnrBH5br
765,52NpY0nQvHw021b9j9Ke3y,75jOSvJYkVT21xz5yll1xM
766,52NpY0nQvHw021b9j9Ke3y,56uBktjCLyONyLAgE7VBq1
767,52NpY0nQvHw021b9j9Ke3y,7eS0sxPiRLeafMwpgLJml1
768,5PbgCU02dfdBCAzpOaNmYW,65kwwmTEJIlKRldGhmUM0b
769,5PbgCU02dfdBCAzpOaNmYW,7Ecbym3UD6q848BAse6Qeb
770,5PbgCU02dfdBCAzpOaNmYW,7wXBtpPB5GFddtz9OeBlPW
771,5PbgCU02dfdBCAzpOaNmYW,7MBMIGBbRcIAn4zZPOMNKR
772,5PbgCU02dfdBCAzpOaNmYW,5eHs2hHfUzGizdnrLjc3CW
773,5PbgCU02dfdBCAzpOaNmYW,7E6DrjKJieOdJKO8mbwCMO
774,2lpFs8QJyIeVDb2Sq4vZYi,5PbgCU02dfdBCAzpOaNmYW
775,2lpFs8QJyIeVDb2Sq4vZYi,65kwwmTEJIlKRldGhmUM0b
776,2lpFs8QJyIeVDb2Sq4vZYi,7Ecbym3UD6q848BAse6Qeb
777,2lpFs8QJyIeVDb2Sq4vZYi,5JcSyYpBdqCmjJyVlKh7Yg
778,2lpFs8QJyIeVDb2Sq4vZYi,5NkT0VLTEXldi82KVVnG1b
779,2lpFs8QJyIeVDb2Sq4vZYi,3AkGIMk9xwDj4A5ttNBPiN
780,2lpFs8QJyIeVDb2Sq4vZYi,4AGDRCSqrobTOwmsvPuSrC
781,2lpFs8QJyIeVDb2Sq4vZYi,5J3RIw3YwgyXeosItjR9GY
782,2lpFs8QJyIeVDb2Sq4vZYi,4CyjDlfEi7Sb4NLgWP0x3w
783,2lpFs8QJyIeVDb2Sq4vZYi,2m5uCiZcpQ50tXsJrThFoM
784,2lpFs8QJyIeVDb2Sq4vZYi,7wXBtpPB5GFddtz9OeBlPW
785,2lpFs8QJyIeVDb2Sq4vZYi,5eHs2hHfUzGizdnrLjc3CW
786,2lpFs8QJyIeVDb2Sq4vZYi,7E6DrjKJieOdJKO8mbwCMO
787,5J3RIw3YwgyXeosItjR9GY,7MBMIGBbRcIAn4zZPOMNKR
788,5J3RIw3YwgyXeosItjR9GY,75jOSvJYkVT21xz5yll1xM
789,5J3RIw3YwgyXeosItjR9GY,7wXBtpPB5GFddtz9OeBlPW
790,5J3RIw3YwgyXeosItjR9GY,7eS0sxPiRLeafMwpgLJml1
791,5J3RIw3YwgyXeosItjR9GY,75CWM6dvHUuLGsQj8fJyXr
792,5J3RIw3YwgyXeosItjR9GY,7Ecbym3UD6q848BAse6Qeb
793,5J3RIw3YwgyXeosItjR9GY,5NkT0VLTEXldi82KVVnG1b
794,5J3RIw3YwgyXeosItjR9GY,76WqyxPmL1KmO2up8jbYOC
795,6glAHKAPvBPUQ4HQcYXxpr,76WqyxPmL1KmO2up8jbYOC
796,6glAHKAPvBPUQ4HQcYXxpr,75CWM6dvHUuLGsQj8fJyXr
797,6glAHKAPvBPUQ4HQcYXxpr,7eS0sxPiRLeafMwpgLJml1
798,6glAHKAPvBPUQ4HQcYXxpr,75jOSvJYkVT21xz5yll1xM
799,6glAHKAPvBPUQ4HQcYXxpr,7MBMIGBbRcIAn4zZPOMNKR
800,3dgWzqWwzldCWo9i84SLE7,7nB6UUQKYuec06ewKuLcPH
801,3gNQSpKr5xvrDfqknSkaWc,5ADZt1NEbf0ImRvacK9kDl
802,3gNQSpKr5xvrDfqknSkaWc,5AtGLnu8GxRajsCHRxGdOh
803,3gNQSpKr5xvrDfqknSkaWc,7nB6UUQKYuec06ewKuLcPH
804,3gNQSpKr5xvrDfqknSkaWc,6e68sik2CrpAAsu6e2IKTS
805,3gNQSpKr5xvrDfqknSkaWc,4WBnZbV6k0m7JUs7TPjY2N
806,3gNQSpKr5xvrDfqknSkaWc,5KENAwkg6GClWnY28tokF8
807,688kfDW4561PQyZkJCoGmi,7nB6UUQKYuec06ewKuLcPH
808,0CE9b5MpyYgJNxa2bNkOMc,7nB6UUQKYuec06ewKuLcPH
809,0CE9b5MpyYgJNxa2bNkOMc,1xOF2FyFW6vNoGw83EMrPU
810,0CE9b5MpyYgJNxa2bNkOMc,688kfDW4561PQyZkJCoGmi
811,0CE9b5MpyYgJNxa2bNkOMc,0nvvhGGaXFDeqaYRd3BdHR
812,0CE9b5MpyYgJNxa2bNkOMc,4nTJjqIKdY8QhWqkAvxhsx
813,0CE9b5MpyYgJNxa2bNkOMc,4Xrfj658V9oL5xwi7oM70C
814,0CE9b5MpyYgJNxa2bNkOMc,1xMkzNWui7gg9TrYMto6VN
815,0CE9b5MpyYgJNxa2bNkOMc,0emNN1sdeedFWTl0dY9FHw
816,0CE9b5MpyYgJNxa2bNkOMc,6nsLVlWN33I62jrE0LvW69
817,1xOF2FyFW6vNoGw83EMrPU,4nTJjqIKdY8QhWqkAvxhsx
818,1xOF2FyFW6vNoGw83EMrPU,7nB6UUQKYuec06ewKuLcPH
819,1xOF2FyFW6vNoGw83EMrPU,688kfDW4561PQyZkJCoGmi
820,1GNl1iTql0c4P9brn1Fj6m,303olBIixVXirStn7yhOZX
821,1GNl1iTql0c4P9brn1Fj6m,5ezp2WTBB8rewVCdTKGO1F
822,1GNl1iTql0c4P9brn1Fj6m,6Czf2AVSww2aOhW4M6QNHT
823,1GNl1iTql0c4P9brn1Fj6m,1jhtkxPeSRXrj2lM5egbdt
824,1GNl1iTql0c4P9brn1Fj6m,4WBnZbV6k0m7JUs7TPjY2N
825,1GNl1iTql0c4P9brn1Fj6m,5AVdeI8lS5HS9VGV8AUyS4
826,1GNl1iTql0c4P9brn1Fj6m,450u38hSRh0Q2UyghEbjpS
827,1GNl1iTql0c4P9brn1Fj6m,5WVDwdJ6jhLHQ2PuRQz7Yc
828,4nTJjqIKdY8QhWqkAvxhsx,7nB6UUQKYuec06ewKuLcPH
829,35l9BKzdhvLy5HOC50NECa,75CWM6dvHUuLGsQj8fJyXr
830,35l9BKzdhvLy5HOC50NECa,7MBMIGBbRcIAn4zZPOMNKR
831,35l9BKzdhvLy5HOC50NECa,5gfLje7A2I9mMRVfuiphnh
832,35l9BKzdhvLy5HOC50NECa,5NkT0VLTEXldi82KVVnG1b
833,35l9BKzdhvLy5HOC50NECa,3RoxAJrso1XZowEEwtCbxq
834,35l9BKzdhvLy5HOC50NECa,5Gmt205UikGABaRkBaTX5L
835,35l9BKzdhvLy5HOC50NECa,3r40SMXcvhhDUE1xhU8MSB
836,35l9BKzdhvLy5HOC50NECa,7eS0sxPiRLeafMwpgLJml1
837,35l9BKzdhvLy5HOC50NECa,6dzkjHwlCSs5uy93DoiZ1s
838,35l9BKzdhvLy5HOC50NECa,4AGDRCSqrobTOwmsvPuSrC
839,65kwwmTEJIlKRldGhmUM0b,7Ecbym3UD6q848BAse6Qeb
840,65kwwmTEJIlKRldGhmUM0b,7MBMIGBbRcIAn4zZPOMNKR
841,65kwwmTEJIlKRldGhmUM0b,75CWM6dvHUuLGsQj8fJyXr
842,65kwwmTEJIlKRldGhmUM0b,7wXBtpPB5GFddtz9OeBlPW
843,65kwwmTEJIlKRldGhmUM0b,7eS0sxPiRLeafMwpgLJml1
844,3I15MHvYprvenj5oR3WHWM,5KENAwkg6GClWnY28tokF8
845,3I15MHvYprvenj5oR3WHWM,7lZh2XFOqO7ePMGacEIp13
846,3I15MHvYprvenj5oR3WHWM,6ilunSmiKHt6sXusLweMWI
847,3I15MHvYprvenj5oR3WHWM,688kfDW4561PQyZkJCoGmi
848,5Gmt205UikGABaRkBaTX5L,7MBMIGBbRcIAn4zZPOMNKR
849,5Gmt205UikGABaRkBaTX5L,7wXBtpPB5GFddtz9OeBlPW
850,5Gmt205UikGABaRkBaTX5L,75CWM6dvHUuLGsQj8fJyXr
851,5Gmt205UikGABaRkBaTX5L,7eS0sxPiRLeafMwpgLJml1
852,4AGDRCSqrobTOwmsvPuSrC,7MBMIGBbRcIAn4zZPOMNKR
853,4AGDRCSqrobTOwmsvPuSrC,5Gmt205UikGABaRkBaTX5L
854,4AGDRCSqrobTOwmsvPuSrC,75CWM6dvHUuLGsQj8fJyXr
855,4AGDRCSqrobTOwmsvPuSrC,56uBktjCLyONyLAgE7VBq1
856,4AGDRCSqrobTOwmsvPuSrC,7wXBtpPB5GFddtz9OeBlPW
857,4AGDRCSqrobTOwmsvPuSrC,5NkT0VLTEXldi82KVVnG1b
858,4AGDRCSqrobTOwmsvPuSrC,7eS0sxPiRLeafMwpgLJml1
859,4AGDRCSqrobTOwmsvPuSrC,4CyjDlfEi7Sb4NLgWP0x3w
860,4xSp6WltH5N47OrAu4pjKw,7qgWkFGpFqNfno4vKOSkkH
861,0kXJAI2hR2vdzVHsu9OLka,22jcDppDfbm4cqqUDzM8tU
862,0kXJAI2hR2vdzVHsu9OLka,4xSp6WltH5N47OrAu4pjKw
863,0endjvK01uydkCL84mD3Z5,56uBktjCLyONyLAgE7VBq1
864,0endjvK01uydkCL84mD3Z5,4AGDRCSqrobTOwmsvPuSrC
865,0endjvK01uydkCL84mD3Z5,75jOSvJYkVT21xz5yll1xM
866,0endjvK01uydkCL84mD3Z5,2m5uCiZcpQ50tXsJrThFoM
867,0endjvK01uydkCL84mD3Z5,7MBMIGBbRcIAn4zZPOMNKR
868,0endjvK01uydkCL84mD3Z5,76WqyxPmL1KmO2up8jbYOC
869,0endjvK01uydkCL84mD3Z5,7Ecbym3UD6q848BAse6Qeb
870,0endjvK01uydkCL84mD3Z5,5Gmt205UikGABaRkBaTX5L
871,0endjvK01uydkCL84mD3Z5,5J3RIw3YwgyXeosItjR9GY
872,0endjvK01uydkCL84mD3Z5,7eS0sxPiRLeafMwpgLJml1
873,0endjvK01uydkCL84mD3Z5,6glAHKAPvBPUQ4HQcYXxpr
874,0endjvK01uydkCL84mD3Z5,35l9BKzdhvLy5HOC50NECa
875,0endjvK01uydkCL84mD3Z5,7wXBtpPB5GFddtz9OeBlPW
876,0endjvK01uydkCL84mD3Z5,41jZYjNEye7JGDj0xZELcL
877,0endjvK01uydkCL84mD3Z5,75CWM6dvHUuLGsQj8fJyXr
878,0endjvK01uydkCL84mD3Z5,52NpY0nQvHw021b9j9Ke3y
879,1dWCpNKvuNDv2rE4gCVNwj,7LsIj2cflfPqS8px4dduGG
880,3RoxAJrso1XZowEEwtCbxq,6dzkjHwlCSs5uy93DoiZ1s
881,3RoxAJrso1XZowEEwtCbxq,41jZYjNEye7JGDj0xZELcL
882,3RoxAJrso1XZowEEwtCbxq,4Xrfj658V9oL5xwi7oM70C
883,2sTHvEmfr75UDmlFFsdRot,3RoxAJrso1XZowEEwtCbxq
884,2sTHvEmfr75UDmlFFsdRot,41jZYjNEye7JGDj0xZELcL
885,2sTHvEmfr75UDmlFFsdRot,6dzkjHwlCSs5uy93DoiZ1s
886,2sTHvEmfr75UDmlFFsdRot,56uBktjCLyONyLAgE7VBq1
887,2sTHvEmfr75UDmlFFsdRot,76WqyxPmL1KmO2up8jbYOC
888,3vH8Rv37KXuUZzSHICjTnm,7tEAlsvmuaVnKQyswnonem
889,3vH8Rv37KXuUZzSHICjTnm,6e68sik2CrpAAsu6e2IKTS
890,3vH8Rv37KXuUZzSHICjTnm,5ADZt1NEbf0ImRvacK9kDl
891,3vH8Rv37KXuUZzSHICjTnm,5AtGLnu8GxRajsCHRxGdOh
892,5zXPv1332E2IWXvjotBr09,6dzkjHwlCSs5uy93DoiZ1s
893,5zXPv1332E2IWXvjotBr09,6ilunSmiKHt6sXusLweMWI
894,5SxjKJ2HIg3dVQ427HYVHS,7LsIj2cflfPqS8px4dduGG
895,5SxjKJ2HIg3dVQ427HYVHS,7GVB7uYTgkeYtLJxYMYYDp
896,5SxjKJ2HIg3dVQ427HYVHS,60kSCaBM5uMKg7ZnrBH5br
897,5SxjKJ2HIg3dVQ427HYVHS,5akubyqg9eYtnCtDEeJz2s
